,Bike,Car,Female,Male
Bike,0.8180555555555555,0.07083333333333333,0.041666666666666664,0.06944444444444445
Car,0.12222222222222222,0.8305555555555556,0.009722222222222222,0.0375
Female,0.1736111111111111,0.10138888888888889,0.4083333333333333,0.31666666666666665
Male,0.25277777777777777,0.13194444444444445,0.3194444444444444,0.29583333333333334
