,Bike,Car,Female,Male
Bike,0.5958333333333333,0.24444444444444444,0.07916666666666666,0.08055555555555556
Car,0.23194444444444445,0.5388888888888889,0.11527777777777778,0.11388888888888889
Female,0.05,0.07083333333333333,0.5277777777777778,0.35138888888888886
Male,0.044444444444444446,0.0625,0.3486111111111111,0.5444444444444444
