,Bike,Car,Female,Male
Bike,0.9208333333333333,0.002777777777777778,0.022222222222222223,0.05416666666666667
Car,0.04583333333333333,0.9375,0.004166666666666667,0.0125
Female,0.0375,0.018055555555555554,0.5555555555555556,0.3888888888888889
Male,0.10277777777777777,0.02638888888888889,0.37916666666666665,0.49166666666666664
