,Bike,Car,Female,Male
Bike,1.0,0.0,0.0,0.0
Car,0.0,1.0,0.0,0.0
Female,0.0,0.0,0.9888888888888889,0.011111111111111112
Male,0.0,0.0,0.005555555555555556,0.9944444444444445
