,Bike,Car,Female,Male
Bike,0.4263888888888889,0.25833333333333336,0.17222222222222222,0.14305555555555555
Car,0.24583333333333332,0.3958333333333333,0.18055555555555555,0.17777777777777778
Female,0.10138888888888889,0.12916666666666668,0.4361111111111111,0.3333333333333333
Male,0.10277777777777777,0.11944444444444445,0.35,0.42777777777777776
