,Bike,Car,Female,Male
Bike,0.9638888888888889,0.0,0.009722222222222222,0.02638888888888889
Car,0.016666666666666666,0.9722222222222222,0.001388888888888889,0.009722222222222222
Female,0.018055555555555554,0.0,0.6125,0.36944444444444446
Male,0.03194444444444444,0.006944444444444444,0.3472222222222222,0.6138888888888889
