,Bike,Car,Female,Male
Bike,0.6833333333333333,0.2222222222222222,0.04861111111111111,0.04583333333333333
Car,0.20972222222222223,0.6194444444444445,0.08194444444444444,0.08888888888888889
Female,0.029166666666666667,0.0375,0.5986111111111111,0.3347222222222222
Male,0.016666666666666666,0.04861111111111111,0.3194444444444444,0.6152777777777778
