,Bike,Car,Female,Male
Bike,0.6666666666666666,0.19166666666666668,0.0625,0.07916666666666666
Car,0.17222222222222222,0.7638888888888888,0.025,0.03888888888888889
Female,0.2791666666666667,0.20416666666666666,0.28055555555555556,0.2361111111111111
Male,0.30972222222222223,0.2388888888888889,0.2388888888888889,0.2125
