,Bike,Car,Female,Male
Bike,0.9930555555555556,0.006944444444444444,0.0,0.0
Car,0.004166666666666667,0.9958333333333333,0.0,0.0
Female,0.0,0.0,0.9513888888888888,0.04861111111111111
Male,0.0,0.0,0.03333333333333333,0.9666666666666667
