,Bike,Car,Female,Male
Bike,0.7013888888888888,0.16111111111111112,0.05555555555555555,0.08194444444444444
Car,0.1638888888888889,0.7791666666666667,0.020833333333333332,0.03611111111111111
Female,0.2569444444444444,0.18194444444444444,0.3125,0.24861111111111112
Male,0.30277777777777776,0.22916666666666666,0.2569444444444444,0.2111111111111111
