,Bike,Car,Female,Male
Bike,0.4625,0.2513888888888889,0.15555555555555556,0.13055555555555556
Car,0.24305555555555555,0.42916666666666664,0.16805555555555557,0.1597222222222222
Female,0.0875,0.11666666666666667,0.4625,0.3333333333333333
Male,0.08888888888888889,0.10555555555555556,0.3541666666666667,0.4513888888888889
