,Bike,Car,Female,Male
Bike,0.6361111111111111,0.2263888888888889,0.059722222222222225,0.07777777777777778
Car,0.18333333333333332,0.7458333333333333,0.029166666666666667,0.041666666666666664
Female,0.2986111111111111,0.2125,0.2708333333333333,0.21805555555555556
Male,0.31805555555555554,0.24861111111111112,0.2263888888888889,0.20694444444444443
