,Bike,Car,Female,Male
Bike,0.7819444444444444,0.18194444444444444,0.016666666666666666,0.019444444444444445
Car,0.18611111111111112,0.7138888888888889,0.05,0.05
Female,0.0125,0.020833333333333332,0.6513888888888889,0.31527777777777777
Male,0.0125,0.025,0.2722222222222222,0.6902777777777778
