,Bike,Car,Female,Male
Bike,1.0,0.0,0.0,0.0
Car,0.0,1.0,0.0,0.0
Female,0.0,0.0,1.0,0.0
Male,0.0,0.0,0.001388888888888889,0.9986111111111111
