,Bike,Car,Female,Male
Bike,0.9583333333333334,0.041666666666666664,0.0,0.0
Car,0.03888888888888889,0.9583333333333334,0.001388888888888889,0.001388888888888889
Female,0.0,0.0,0.8638888888888889,0.1361111111111111
Male,0.0,0.0,0.11805555555555555,0.8819444444444444
