,Bike,Car,Female,Male
Bike,0.8847222222222222,0.020833333333333332,0.030555555555555555,0.06388888888888888
Car,0.08194444444444444,0.8916666666666667,0.006944444444444444,0.019444444444444445
Female,0.08611111111111111,0.04583333333333333,0.49722222222222223,0.37083333333333335
Male,0.18472222222222223,0.058333333333333334,0.37083333333333335,0.3861111111111111
