,Bike,Car,Female,Male
Bike,0.8847222222222222,0.10694444444444444,0.002777777777777778,0.005555555555555556
Car,0.12777777777777777,0.8319444444444445,0.02361111111111111,0.016666666666666666
Female,0.002777777777777778,0.005555555555555556,0.7555555555555555,0.2361111111111111
Male,0.0,0.008333333333333333,0.21666666666666667,0.775
