,Bike,Car,Female,Male
Bike,0.7722222222222223,0.10416666666666667,0.04722222222222222,0.0763888888888889
Car,0.1361111111111111,0.8138888888888889,0.0125,0.0375
Female,0.2013888888888889,0.13194444444444445,0.3763888888888889,0.2902777777777778
Male,0.275,0.16666666666666666,0.3,0.25833333333333336
