,Bike,Car,Female,Male
Bike,0.5263888888888889,0.24861111111111112,0.11805555555555555,0.10694444444444444
Car,0.23472222222222222,0.475,0.14305555555555555,0.14722222222222223
Female,0.07222222222222222,0.09166666666666666,0.49583333333333335,0.3402777777777778
Male,0.07083333333333333,0.08055555555555556,0.3486111111111111,0.5
