,Bike,Car,Female,Male
Bike,1.0,0.0,0.0,0.0
Car,0.0,1.0,0.0,0.0
Female,0.0,0.0,0.7847222222222222,0.2152777777777778
Male,0.0,0.0,0.19722222222222222,0.8027777777777778
