,Bike,Car,Female,Male
Bike,0.8527777777777777,0.041666666666666664,0.034722222222222224,0.07083333333333333
Car,0.1,0.8625,0.009722222222222222,0.027777777777777776
Female,0.125,0.07361111111111111,0.45555555555555555,0.3458333333333333
Male,0.22083333333333333,0.1,0.35555555555555557,0.3236111111111111
