,Bike,Car,Female,Male
Bike,0.7333333333333333,0.1361111111111111,0.05138888888888889,0.07916666666666666
Car,0.14583333333333334,0.8027777777777778,0.018055555555555554,0.03333333333333333
Female,0.23194444444444445,0.16527777777777777,0.33611111111111114,0.26666666666666666
Male,0.29583333333333334,0.20694444444444443,0.27361111111111114,0.22361111111111112
